{
    "prepare_queue": {
        "installed": [],
        "uninstalled": []
    },
    "config_munge": {
        "files": {
            "res/xml/config.xml": {
                "parents": {
                    "/*": [
                        {
                            "xml": "<feature name=\"File\"><param name=\"android-package\" value=\"org.apache.cordova.file.FileUtils\" /><param name=\"onload\" value=\"true\" /></feature>",
                            "count": 1
                        }
                    ]
                }
            },
            "AndroidManifest.xml": {
                "parents": {
                    "/*": [
                        {
                            "xml": "<uses-permission android:name=\"android.permission.WRITE_EXTERNAL_STORAGE\" />",
                            "count": 1
                        }
                    ]
                }
            }
        }
    },
    "installed_plugins": {
        "org.apache.cordova.file": {
            "PACKAGE_NAME": "io.cordova.myapp840667d78cca42c99e3964dbdc59af01"
        }
    },
    "dependent_plugins": {},
    "modules": [
        {
            "file": "plugins/org.apache.cordova.file/www/DirectoryEntry.js",
            "id": "org.apache.cordova.file.DirectoryEntry",
            "pluginId": "org.apache.cordova.file",
            "clobbers": [
                "window.DirectoryEntry"
            ]
        },
        {
            "file": "plugins/org.apache.cordova.file/www/DirectoryReader.js",
            "id": "org.apache.cordova.file.DirectoryReader",
            "pluginId": "org.apache.cordova.file",
            "clobbers": [
                "window.DirectoryReader"
            ]
        },
        {
            "file": "plugins/org.apache.cordova.file/www/Entry.js",
            "id": "org.apache.cordova.file.Entry",
            "pluginId": "org.apache.cordova.file",
            "clobbers": [
                "window.Entry"
            ]
        },
        {
            "file": "plugins/org.apache.cordova.file/www/File.js",
            "id": "org.apache.cordova.file.File",
            "pluginId": "org.apache.cordova.file",
            "clobbers": [
                "window.File"
            ]
        },
        {
            "file": "plugins/org.apache.cordova.file/www/FileEntry.js",
            "id": "org.apache.cordova.file.FileEntry",
            "pluginId": "org.apache.cordova.file",
            "clobbers": [
                "window.FileEntry"
            ]
        },
        {
            "file": "plugins/org.apache.cordova.file/www/FileError.js",
            "id": "org.apache.cordova.file.FileError",
            "pluginId": "org.apache.cordova.file",
            "clobbers": [
                "window.FileError"
            ]
        },
        {
            "file": "plugins/org.apache.cordova.file/www/FileReader.js",
            "id": "org.apache.cordova.file.FileReader",
            "pluginId": "org.apache.cordova.file",
            "clobbers": [
                "window.FileReader"
            ]
        },
        {
            "file": "plugins/org.apache.cordova.file/www/FileSystem.js",
            "id": "org.apache.cordova.file.FileSystem",
            "pluginId": "org.apache.cordova.file",
            "clobbers": [
                "window.FileSystem"
            ]
        },
        {
            "file": "plugins/org.apache.cordova.file/www/FileUploadOptions.js",
            "id": "org.apache.cordova.file.FileUploadOptions",
            "pluginId": "org.apache.cordova.file",
            "clobbers": [
                "window.FileUploadOptions"
            ]
        },
        {
            "file": "plugins/org.apache.cordova.file/www/FileUploadResult.js",
            "id": "org.apache.cordova.file.FileUploadResult",
            "pluginId": "org.apache.cordova.file",
            "clobbers": [
                "window.FileUploadResult"
            ]
        },
        {
            "file": "plugins/org.apache.cordova.file/www/FileWriter.js",
            "id": "org.apache.cordova.file.FileWriter",
            "pluginId": "org.apache.cordova.file",
            "clobbers": [
                "window.FileWriter"
            ]
        },
        {
            "file": "plugins/org.apache.cordova.file/www/Flags.js",
            "id": "org.apache.cordova.file.Flags",
            "pluginId": "org.apache.cordova.file",
            "clobbers": [
                "window.Flags"
            ]
        },
        {
            "file": "plugins/org.apache.cordova.file/www/LocalFileSystem.js",
            "id": "org.apache.cordova.file.LocalFileSystem",
            "pluginId": "org.apache.cordova.file",
            "clobbers": [
                "window.LocalFileSystem"
            ],
            "merges": [
                "window"
            ]
        },
        {
            "file": "plugins/org.apache.cordova.file/www/Metadata.js",
            "id": "org.apache.cordova.file.Metadata",
            "pluginId": "org.apache.cordova.file",
            "clobbers": [
                "window.Metadata"
            ]
        },
        {
            "file": "plugins/org.apache.cordova.file/www/ProgressEvent.js",
            "id": "org.apache.cordova.file.ProgressEvent",
            "pluginId": "org.apache.cordova.file",
            "clobbers": [
                "window.ProgressEvent"
            ]
        },
        {
            "file": "plugins/org.apache.cordova.file/www/fileSystems.js",
            "id": "org.apache.cordova.file.fileSystems",
            "pluginId": "org.apache.cordova.file"
        },
        {
            "file": "plugins/org.apache.cordova.file/www/requestFileSystem.js",
            "id": "org.apache.cordova.file.requestFileSystem",
            "pluginId": "org.apache.cordova.file",
            "clobbers": [
                "window.requestFileSystem"
            ]
        },
        {
            "file": "plugins/org.apache.cordova.file/www/resolveLocalFileSystemURI.js",
            "id": "org.apache.cordova.file.resolveLocalFileSystemURI",
            "pluginId": "org.apache.cordova.file",
            "merges": [
                "window"
            ]
        },
        {
            "file": "plugins/org.apache.cordova.file/www/android/FileSystem.js",
            "id": "org.apache.cordova.file.androidFileSystem",
            "pluginId": "org.apache.cordova.file",
            "merges": [
                "FileSystem"
            ]
        },
        {
            "file": "plugins/org.apache.cordova.file/www/fileSystems-roots.js",
            "id": "org.apache.cordova.file.fileSystems-roots",
            "pluginId": "org.apache.cordova.file",
            "runs": true
        },
        {
            "file": "plugins/org.apache.cordova.file/www/fileSystemPaths.js",
            "id": "org.apache.cordova.file.fileSystemPaths",
            "pluginId": "org.apache.cordova.file",
            "merges": [
                "cordova"
            ],
            "runs": true
        }
    ],
    "plugin_metadata": {
        "org.apache.cordova.file": "1.3.3"
    }
}